{
    "$schema": "https://schema.management.azure.com/schemas/2015-01-01/deploymentParameters.json#",
    "contentVersion": "1.0.0.0",
    "parameters": {
        "location": {
            "value": "eastus"
        },
        "networkInterfaceName": {
            "value": "basicvm677"
        },
        "networkSecurityGroupName": {
            "value": "basicvm-nsg"
        },
        "networkSecurityGroupRules": {
            "value": [
                {
                    "name": "SSH",
                    "properties": {
                        "priority": 300,
                        "protocol": "TCP",
                        "access": "Allow",
                        "direction": "Inbound",
                        "sourceAddressPrefix": "*",
                        "sourcePortRange": "*",
                        "destinationAddressPrefix": "*",
                        "destinationPortRange": "22"
                    }
                },
                {
                    "name": "HTTPS",
                    "properties": {
                        "priority": 320,
                        "protocol": "TCP",
                        "access": "Allow",
                        "direction": "Inbound",
                        "sourceAddressPrefix": "*",
                        "sourcePortRange": "*",
                        "destinationAddressPrefix": "*",
                        "destinationPortRange": "443"
                    }
                }
            ]
        },
        "subnetName": {
            "value": "default"
        },
        "virtualNetworkId": {
            "value": "/subscriptions/0f740c16-f801-47c5-a36a-9abb2016e608/resourceGroups/cloud-shell-storage-eastus/providers/Microsoft.Network/virtualNetworks/cloud-shell-storage-eastus-vnet"
        },
        "publicIpAddressName": {
            "value": "basicvm-ip"
        },
        "publicIpAddressType": {
            "value": "Dynamic"
        },
        "publicIpAddressSku": {
            "value": "Basic"
        },
        "virtualMachineName": {
            "value": "basicvm"
        },
        "virtualMachineRG": {
            "value": "cloud-shell-storage-eastus"
        },
        "osDiskType": {
            "value": "StandardSSD_LRS"
        },
        "virtualMachineSize": {
            "value": "Standard_D2_v3"
        },
        "adminUsername": {
            "value": "mreddy2"
        },
        "adminPassword": {
            "value": null
        },
        "diagnosticsStorageAccountName": {
            "value": "cloudshellstorageeast496"
        },
        "diagnosticsStorageAccountId": {
            "value": "Microsoft.Storage/storageAccounts/cloudshellstorageeast496"
        },
        "diagnosticsStorageAccountType": {
            "value": "Standard_LRS"
        },
        "diagnosticsStorageAccountKind": {
            "value": "Storage"
        }
    }
}